analysis,metric,term,estimate_std,se,ci_low,ci_high,z,p_value,n_texts,n_students,converged,aic,p_fdr
primary,mattr50,level_within,0.16358673980567962,0.029005098828733,0.10673674610136294,0.2204367335099963,5.639930440217205,1.7011887377908822e-08,3435,364,True,8991.467387944824,4.252971844477205e-08
primary,mattr50,level_between,0.28927861046959036,0.06236983093610138,0.16703374183483166,0.41152347910434905,4.638117598329867,3.515967271766229e-06,3435,364,True,8991.467387944824,
primary,mattr50,log_len_z,0.17403055160629996,0.020297906518547616,0.13424665482994663,0.2138144483826533,8.573817770186107,1.0010978950117708e-17,3435,364,True,8991.467387944824,
paragraph_only,mattr50,level_within,0.25884047339738564,0.040416066499008925,0.17962498305932814,0.3380559637354431,6.404395474847432,1.5096633587231953e-10,1576,234,True,4193.435789951482,7.548316793615976e-10
paragraph_only,mattr50,level_between,0.26413901630517367,0.07472208770762262,0.11768372439823332,0.410594308212114,3.5349523067223947,0.00040784876442295694,1576,234,True,4193.435789951482,
paragraph_only,mattr50,log_len_z,0.15123985237073817,0.02654531998443959,0.09921102520123658,0.20326867954023975,5.697420579574568,1.2163361152669877e-08,1576,234,True,4193.435789951482,
min150_words,mattr50,level_within,0.15102731958488247,0.03306662499767684,0.08621673458943586,0.2158379045803291,4.567364210756108,4.9389542171064855e-06,2678,321,True,6837.938522920424,2.4694771085532425e-05
min150_words,mattr50,level_between,0.3584968765967597,0.0818636575443307,0.19804410780987156,0.5189496453836479,4.379194472255616,1.1911879725012274e-05,2678,321,True,6837.938522920424,
min150_words,mattr50,log_len_z,0.132509869892767,0.02115976210587159,0.09103673616525867,0.17398300362027533,6.262351591183392,3.792147251673036e-10,2678,321,True,6837.938522920424,
exact_deduplicated,mattr50,level_within,0.1622626432390193,0.0291856580976205,0.10505875336768311,0.21946653311035547,5.55967053051473,2.7028439198458208e-08,3394,364,True,8895.86081357584,6.757109799614551e-08
exact_deduplicated,mattr50,level_between,0.29292529682135515,0.06249099770242828,0.17044294132459573,0.4154076523181146,4.687479918567097,2.7658983151476264e-06,3394,364,True,8895.86081357584,
exact_deduplicated,mattr50,log_len_z,0.17189968020780486,0.020421904395144914,0.13187274759332082,0.2119266128222889,8.417416754172649,3.848765772253629e-17,3394,364,True,8895.86081357584,
near_deduplicated,mattr50,level_within,0.16684605964335372,0.02932319348215479,0.10937260041833033,0.22431951886837712,5.689900717835907,1.271132563390776e-08,3356,364,True,8806.663622958145,3.17783140847694e-08
near_deduplicated,mattr50,level_between,0.2936953728793997,0.06246085909413723,0.17127208905489072,0.41611865670390863,4.702070658950748,2.575363403887043e-06,3356,364,True,8806.663622958145,
near_deduplicated,mattr50,log_len_z,0.17174596020881283,0.020518705015674706,0.1315292983780904,0.21196262203953525,8.370214400841192,5.751349337676503e-17,3356,364,True,8806.663622958145,
primary,mtld,level_within,0.17022269606258808,0.02904177221705905,0.11330082251715234,0.22714456960802382,5.861305391087662,4.5924247811386835e-09,3435,364,True,9034.094675414526,2.2962123905693417e-08
primary,mtld,level_between,0.3284160267720612,0.06553173758672232,0.19997382110208548,0.45685823244203694,5.011556825232161,5.399143436948267e-07,3435,364,True,9034.094675414526,
primary,mtld,log_len_z,0.09465724733844653,0.020386398169383084,0.05469990692645569,0.1346145877504374,4.643156998699539,3.431254128211166e-06,3435,364,True,9034.094675414526,
paragraph_only,mtld,level_within,0.2349323289723733,0.04048426389115053,0.15558317174571826,0.3142814861990283,5.80305299866715,6.511819727323982e-09,1576,234,True,4214.527940023781,1.6279549318309955e-08
paragraph_only,mtld,level_between,0.3256391296899128,0.07762511923183323,0.1734938959955197,0.47778436338430597,4.195022602379098,2.7284437897667927e-05,1576,234,True,4214.527940023781,
paragraph_only,mtld,log_len_z,0.07296869797521939,0.026687154935092515,0.020661874302438064,0.1252755216480007,2.7342254411416684,0.0062527217507813235,1576,234,True,4214.527940023781,
min150_words,mtld,level_within,0.13387989496374605,0.033764808795538344,0.06770086972449091,0.2000589202030012,3.9650719118372986,7.337382338476967e-05,2678,321,True,6935.50623187796,0.00018343455846192417
min150_words,mtld,level_between,0.3505972737053414,0.08161882120402708,0.1906243841454483,0.5105701632652344,4.295544441017275,1.7426512086218965e-05,2678,321,True,6935.50623187796,
min150_words,mtld,log_len_z,0.09869949187073053,0.02157218833124391,0.056418002741492466,0.14098098099996859,4.575311987601179,4.755108334503362e-06,2678,321,True,6935.50623187796,
exact_deduplicated,mtld,level_within,0.17011176088768704,0.02921044962191922,0.11285927962872536,0.22736424214664872,5.823661158575146,5.757224423625055e-09,3394,364,True,8936.362430682151,2.8786122118125276e-08
exact_deduplicated,mtld,level_between,0.3315996302322912,0.06570958931173164,0.20280883518129722,0.4603904252832852,5.046441983667796,4.501134864532448e-07,3394,364,True,8936.362430682151,
exact_deduplicated,mtld,log_len_z,0.09159893934594446,0.02050590729381057,0.05140736105007574,0.13179051764181318,4.466953743304611,7.9341276688824e-06,3394,364,True,8936.362430682151,
near_deduplicated,mtld,level_within,0.1739850491368645,0.02936046294507241,0.11643854176452256,0.23153155650920643,5.925827854361695,3.1072796825235157e-09,3356,364,True,8849.486374354277,1.5536398412617577e-08
near_deduplicated,mtld,level_between,0.3302323175853143,0.0656641596654106,0.20153056464110952,0.45893407052951907,5.029110541701917,4.927602666275965e-07,3356,364,True,8849.486374354277,
near_deduplicated,mtld,log_len_z,0.09184866161689711,0.02061246631140195,0.0514482276465493,0.13224909558724493,4.455976312067532,8.351225368535474e-06,3356,364,True,8849.486374354277,
primary,lexical_density,level_within,0.05250843025073085,0.030558648992092315,-0.00738652177377009,0.11240338227523178,1.7182837586936024,0.08574487031238358,3435,364,True,9284.391689931654,0.14290811718730598
primary,lexical_density,level_between,0.1202096850243627,0.059646105727396884,0.003303317798664815,0.2371160522500606,2.0153819525747765,0.04386464394188732,3435,364,True,9284.391689931654,
primary,lexical_density,log_len_z,0.012905504351613617,0.02120793538883361,-0.028662049010500255,0.05447305771372749,0.6085224287512974,0.5428410350185771,3435,364,True,9284.391689931654,
paragraph_only,lexical_density,level_within,0.06337129848563837,0.041930231795763384,-0.018811955834057856,0.14555455280533458,1.51135101743085,0.13069904209785732,1576,234,True,4286.467947147692,0.16337380262232165
paragraph_only,lexical_density,level_between,0.07786487569506746,0.07330609292820736,-0.06581506644421896,0.22154481783435387,1.062188320025796,0.28815020117640877,1576,234,True,4286.467947147692,
paragraph_only,lexical_density,log_len_z,0.02844548779800035,0.027356125298126744,-0.025172517786328067,0.08206349338232877,1.039821520336003,0.29842282894051864,1576,234,True,4286.467947147692,
min150_words,lexical_density,level_within,0.01280130929831058,0.035870622216901515,-0.057505110246816385,0.08310772884343755,0.3568744701695991,0.7211857827258474,2678,321,True,7167.348849008431,0.7211857827258474
min150_words,lexical_density,level_between,0.06410625939815551,0.07434292589485834,-0.08160587535576685,0.20981839415207787,0.862304767084627,0.38851983016813707,2678,321,True,7167.348849008431,
min150_words,lexical_density,log_len_z,0.04679823100689085,0.02265018847605688,0.002403861593819369,0.09119260041996233,2.066129871562016,0.03881621835417088,2678,321,True,7167.348849008431,
exact_deduplicated,lexical_density,level_within,0.051612080051467196,0.03075303956196908,-0.008663877489992193,0.11188803759292659,1.678275734255991,0.09329328290439022,3394,364,True,9186.189494518607,0.15548880484065036
exact_deduplicated,lexical_density,level_between,0.12224305866318158,0.059834467276572,0.004967502801100462,0.23951861452526269,2.043020757553322,0.04105038333016143,3394,364,True,9186.189494518607,
exact_deduplicated,lexical_density,log_len_z,0.010654343119652248,0.021338580421808796,-0.03116927450709299,0.05247796074639749,0.49929952738388944,0.6175683880351928,3394,364,True,9186.189494518607,
near_deduplicated,lexical_density,level_within,0.052367589769519426,0.030899095822744527,-0.008194638043059845,0.11292981758209869,1.6947935975191917,0.09011458247799194,3356,364,True,9092.795318295382,0.15019097079665322
near_deduplicated,lexical_density,level_between,0.12235551271296027,0.05976132155823871,0.005223322458812407,0.23948770296710814,2.0474030614219627,0.04061852604320105,3356,364,True,9092.795318295382,
near_deduplicated,lexical_density,log_len_z,0.01192696895844434,0.021435330730390615,-0.030086279273121262,0.053940217190009944,0.5564163720382679,0.5779262492605313,3356,364,True,9092.795318295382,
primary,mean_log_frequency_content,level_within,-0.010111489122760163,0.030574064621487866,-0.07003665578087638,0.04981367753535605,-0.3307211274634931,0.7408551421073126,3435,364,True,9317.645346878264,0.7408551421073126
primary,mean_log_frequency_content,level_between,-0.08125983744432667,0.062369224038626665,-0.20350351656003493,0.04098384167138158,-1.3028835727377437,0.19261451303118327,3435,364,True,9317.645346878264,
primary,mean_log_frequency_content,log_len_z,-0.07919172022225479,0.02129303437277585,-0.12092606759289545,-0.03745737285161412,-3.7191373871779,0.0001999043041141423,3435,364,True,9317.645346878264,
paragraph_only,mean_log_frequency_content,level_within,0.022675058027006062,0.04295595911411753,-0.06151862183666429,0.10686873789067641,0.5278675763417857,0.5975912503645587,1576,234,True,4354.264103185011,0.5975912503645587
paragraph_only,mean_log_frequency_content,level_between,-0.15828969516784555,0.07357018540074355,-0.3024872585533029,-0.014092131782388218,-2.1515467754447957,0.03143306798085653,1576,234,True,4354.264103185011,
paragraph_only,mean_log_frequency_content,log_len_z,-0.0194547175901823,0.0279441152916886,-0.07422518356189195,0.03531574838152736,-0.6962008776126365,0.4863030381484976,1576,234,True,4354.264103185011,
min150_words,mean_log_frequency_content,level_within,-0.03911564830405372,0.0354289803936675,-0.10855644987564203,0.03032515326753458,-1.1040579737102785,0.2695679901948783,2678,321,True,7121.21448637966,0.44927998365813054
min150_words,mean_log_frequency_content,level_between,-0.05541272288360588,0.0759998829456375,-0.20437249345705538,0.09354704768984362,-0.729115897760559,0.4659307707135907,2678,321,True,7121.21448637966,
min150_words,mean_log_frequency_content,log_len_z,-0.1435439024834361,0.022436147589144747,-0.1875187517581598,-0.0995690532087124,-6.397885461980414,1.575433894244163e-10,2678,321,True,7121.21448637966,
exact_deduplicated,mean_log_frequency_content,level_within,-0.008580611547385071,0.030804459062961816,-0.06895735131079023,0.05179612821602009,-0.2785509568548825,0.7805894541969507,3394,364,True,9223.767640707927,0.7805894541969507
exact_deduplicated,mean_log_frequency_content,level_between,-0.09232270929496224,0.062319323766373814,-0.21446858387705492,0.029823165287130443,-1.4814459418890167,0.13848778000541775,3394,364,True,9223.767640707927,
exact_deduplicated,mean_log_frequency_content,log_len_z,-0.07813490733852896,0.0214423864259877,-0.12016198473346484,-0.036107829943593066,-3.6439464239778445,0.0002684893315115325,3394,364,True,9223.767640707927,
near_deduplicated,mean_log_frequency_content,level_within,-0.00927318565098563,0.03095886963231232,-0.06995257013031778,0.05140619882834652,-0.2995324364590832,0.764533826698392,3356,364,True,9130.744935928535,0.764533826698392
near_deduplicated,mean_log_frequency_content,level_between,-0.09629366116680238,0.062148264402336006,-0.21810425939538094,0.025516937061776185,-1.5494183480879786,0.12128118587663173,3356,364,True,9130.744935928535,
near_deduplicated,mean_log_frequency_content,log_len_z,-0.07707453128675215,0.02154376732041385,-0.1193003152347633,-0.03484874733874101,-3.577579080782217,0.0003467913160722333,3356,364,True,9130.744935928535,
primary,rare_content_rate,level_within,-0.03400497169638145,0.032401809259274494,-0.09751251784455946,0.029502574451796562,-1.0494775592399388,0.29395837823579873,3435,364,True,9595.549030284783,0.3674479727947484
primary,rare_content_rate,level_between,-0.04910957106560761,0.05518890580042852,-0.1572798264344475,0.05906068430323229,-0.8898449852076301,0.37354912775341387,3435,364,True,9595.549030284783,
primary,rare_content_rate,log_len_z,0.06355064159393632,0.022185101370392545,0.020067842907966933,0.10703344027990572,2.864563949153226,0.004175838282583029,3435,364,True,9595.549030284783,
paragraph_only,rare_content_rate,level_within,-0.095628180533623,0.0473037039792003,-0.1883434403328556,-0.002912920734390409,-2.02157912572071,0.043219850354391895,1576,234,True,4496.786999725506,0.0720330839239865
paragraph_only,rare_content_rate,level_between,-1.792981262325986e-17,0.052834312123691454,-0.10355525176243527,0.10355525176243524,-3.393592516409416e-16,0.9999999999999998,1576,234,True,4496.786999725506,
paragraph_only,rare_content_rate,log_len_z,0.04697293886233346,0.028232772985439223,-0.008363296189127414,0.10230917391379434,1.6637734765394563,0.09615770632182803,1576,234,True,4496.786999725506,
min150_words,rare_content_rate,level_within,-0.020311720666180505,0.03824470318637185,-0.09527133891146934,0.05464789757910833,-0.531098922828571,0.5953502306369739,2678,321,True,7414.312464672272,0.7211857827258474
min150_words,rare_content_rate,level_between,-0.13008421166024778,0.06712842995849841,-0.26165593437890466,0.0014875110584091078,-1.9378408185722689,0.052642646077862745,2678,321,True,7414.312464672272,
min150_words,rare_content_rate,log_len_z,0.12310262847023612,0.023747882424538697,0.07655677891814028,0.16964847802233196,5.1837307541591215,2.1749084454964687e-07,2678,321,True,7414.312464672272,
exact_deduplicated,rare_content_rate,level_within,-0.03350924783879872,0.03263605164260613,-0.09747590905830672,0.030457413380709286,-1.0267555709788325,0.30453557482186255,3394,364,True,9493.132367025544,0.3806694685273282
exact_deduplicated,rare_content_rate,level_between,-0.03854973356769658,0.05495792101486849,-0.14626725875683882,0.06916779162144565,-0.7014408997979966,0.4830279051551608,3394,364,True,9493.132367025544,
exact_deduplicated,rare_content_rate,log_len_z,0.0624275715059936,0.022313698713467306,0.018692722027597683,0.10616242098438952,2.7977240486946164,0.005146406043284345,3394,364,True,9493.132367025544,
near_deduplicated,rare_content_rate,level_within,-0.03448184539893198,0.03279606033562445,-0.09876212365675589,0.02979843285889193,-1.051402060066232,0.2930739700819833,3356,364,True,9394.603825090842,0.36634246260247916
near_deduplicated,rare_content_rate,level_between,-0.036517563310488305,0.054754097428676235,-0.14383559427069373,0.07080046764971712,-0.6669375448669719,0.5048120277196989,3356,364,True,9394.603825090842,
near_deduplicated,rare_content_rate,log_len_z,0.0631269764778357,0.02240643024830877,0.019210373191150515,0.10704357976452089,2.8173598283287675,0.004842024493603497,3356,364,True,9394.603825090842,
